Node,barQ_i(capacity),c_i(fixed cost),v_i(variable cost)
1,189,196,3.7082640169843013
2,137,188,4.450430875203942
7,108,158,4.627419109328146
8,177,193,4.995748224732589
9,162,177,3.914944427793353
10,161,178,3.4014240332552053
12,134,180,3.516461477936134
13,156,166,3.763353987853388
14,102,174,3.142809870399533
15,184,192,4.386157060074066
16,177,156,3.1137119746918756
17,193,170,3.9299098471688065
18,142,173,4.995984281287198
19,104,193,3.806554742991029
20,197,179,3.4210737636562083
