Node,barQ_i(capacity),c_i(fixed cost),v_i(variable cost)
1,123,193,4.482843340055625
2,105,154,4.348779429773526
3,131,192,4.368410424769197
4,114,192,3.9276487201667347
6,179,172,3.443777118328909
7,151,168,4.2818802829626215
8,150,199,3.214178992274573
13,129,197,4.384444549289659
14,150,183,4.270773599781421
15,196,169,3.7530250511753844
16,123,160,4.597046691612211
17,176,196,3.388050952014089
18,101,163,3.7809178275954434
19,131,177,4.595867772194042
20,193,183,3.7609507412866474
