RGU Node,barQ_i(capacity),c_i(fixed cost),v_i(variable cost)
3,77,162,4.719220795286064
4,29,159,4.077408407524457
5,65,175,3.8784457485342156
6,44,180,3.6501941198863097
14,82,152,4.886831720713709
