RGU Nodes,1,2
3,0.22044004433726416,0.11317055423238687
