RGU Nodes,1,2,3,4,5
3,0.22044004433726416,0.11317055423238687,0.44296683478162024,0.6973314216023507,0.5461821451463186
