Node,barQ_i(capacity),c_i(fixed cost),v_i(variable cost)
1,133,191,4.156909985198042
2,108,161,3.9014711335151286
3,114,166,3.5420488352125075
4,148,188,4.729206293235962
7,145,192,3.137311331837066
8,135,199,4.633468919041453
9,143,191,4.7636699977583845
11,142,190,3.8470327856305166
12,157,186,4.66645862825373
13,162,192,3.682033426200956
14,137,178,4.039583013890578
15,175,189,4.098412898650966
17,163,162,3.3857543652621374
18,148,172,3.6664337727139635
20,111,189,3.5550491189053113
