Node,barQ_i(capacity),c_i(fixed cost),v_i(variable cost)
1,181,163,3.3976462787349346
2,133,172,4.0588120122261575
3,110,188,3.712495056184706
4,189,165,3.7187681124474326
5,143,150,4.822285594189109
6,146,151,4.778471485994439
8,163,159,4.220805663144881
9,146,162,3.55950259255148
10,169,198,3.3095953514491945
12,188,166,3.9306934775670075
13,109,196,3.339418629391801
16,134,178,3.994092357122636
18,198,152,3.1412439665501504
19,189,153,3.0335664169058667
20,128,189,4.063018689047518
