Node,barQ_i(capacity),c_i(fixed cost),v_i(variable cost)
1,122,175,4.357297547016286
3,149,184,3.308850140921788
4,185,166,3.4995510387925663
6,164,175,4.739788492112219
7,130,164,4.200735640871838
8,111,191,3.5239661119410677
9,196,180,3.2988298011619763
10,123,158,3.2735782989703788
