Node,barQ_i(capacity),c_i(fixed cost),v_i(variable cost)
1,146,185,3.1668793960179595
2,126,157,3.2895265474268323
5,161,180,3.757141505553756
6,190,170,3.518447688889805
7,155,173,4.232419261849138
8,193,176,4.389108776968237
9,113,164,4.407788610599597
10,144,185,4.547772126580389
