Node,barQ_i(capacity),c_i(fixed cost),v_i(variable cost)
1,133,188,4.600277300025944
2,122,195,3.5170532251152826
3,190,189,4.345219399366025
4,109,189,3.150690869329105
5,146,168,3.493739585511583
6,158,197,3.7162408748582054
7,196,179,3.3441109324921463
9,142,173,3.520590707284623
