Node,barQ_i(capacity),c_i(fixed cost),v_i(variable cost)
1,155,183,3.0370344353404217
2,190,156,4.414991134674355
3,127,193,3.0023993671736573
4,136,167,4.006727931107329
6,187,161,3.873334104351305
8,118,177,3.4065056722291294
9,106,194,3.649885289151212
10,137,194,4.612430662054087
