Node,barQ_i(capacity),c_i(fixed cost),v_i(variable cost)
1,102,180,4.300918552535633
4,100,188,4.37689346114188
5,112,169,3.7778428479582074
6,100,173,3.2701930100448227
7,167,199,4.442976680388163
8,152,190,4.0507086449514516
9,164,199,3.620483751117911
10,125,168,3.971670717663578
