Node,barQ_i(capacity),c_i(fixed cost),v_i(variable cost)
1,159,170,3.461284417987495
2,150,189,3.1040426021288194
3,133,165,3.8091036796430564
4,176,161,3.3970260890185107
5,139,189,3.181506091238244
7,132,193,4.1606647719737015
8,189,153,3.597392265637845
10,126,152,4.343989755912719
12,122,183,3.3990308879364264
13,171,166,4.884226221012995
14,162,178,3.730220336489657
15,104,157,3.210990559140459
16,108,193,4.2582163030794185
17,137,172,4.854309106135735
19,183,194,3.880754309431568
