Node,barQ_i(capacity),c_i(fixed cost),v_i(variable cost)
1,176,162,3.6603044553079966
2,147,154,4.795092064322137
3,158,169,3.3590904330705733
4,102,196,3.5495038483511108
5,138,150,3.1638134218057896
7,182,173,4.229919879490503
9,186,178,3.411540858907241
10,162,161,4.3444669193292516
11,129,192,3.489983492535873
12,170,185,4.673076970422615
13,118,187,4.423701206891689
16,170,194,4.856544629644453
17,155,150,3.855997023346994
19,184,154,3.323902166131986
20,112,151,4.88810871494
