RGU Node,barQ_i(capacity),c_i(fixed cost),v_i(variable cost)
4,36,164,4.737430699122819
5,39,183,4.824489144182808
6,62,197,4.259630215256896
7,49,150,4.721906617852151
9,88,188,3.8407736631902027
11,43,179,3.648539569786635
14,38,190,4.742363762019723
17,63,191,4.866238264428907
22,71,157,3.7392872439763982
29,28,185,3.5657944683630944
